msg_length,num_links,has_phone_num,money_mention,urgency_words,all_caps_ratio,exclamation_count,suspicious_keywords,sender_known,reply_requested,label
172.47559,-0.064359196,0.042650864,0.990542,1.0089443,0.34670633,2.844404,0.37756667,1.0916173,1.1568956,0.0
295.78583,1.8680396,0.2717139,1.0513364,0.7371585,0.247323,-0.015474202,0.0011548728,1.0393082,-0.3511761,0.0
320.91385,-0.06403197,0.05808689,-0.08276697,0.25945276,0.22753294,-0.06319358,-0.12405555,0.09842131,0.11643765,0.0
242.16963,-0.72074586,-0.19126661,-0.080444664,1.6203477,0.05839897,0.032702286,0.21339661,0.2572973,-0.50179565,0.0
139.62045,3.020519,0.43922114,1.1284503,3.0595977,0.088864565,1.0282121,7.2467074,0.88767254,0.9077677,0.0
172.9329,1.5970922,0.36190748,0.56838787,0.60182106,0.9310413,1.912133,2.8800015,0.075502254,0.9932301,1.0
472.22842,-0.31845894,0.04035583,-0.33893767,1.2388792,0.4359131,2.0456433,1.2363985,1.7224174,0.25899458,0.0
73.84432,-1.1020062,0.07331135,1.0501132,2.7395546,0.7565116,0.51982677,0.5866638,0.22874182,-0.15482967,1.0
284.5159,3.1313508,-0.14984757,0.04366418,4.013408,0.61724246,4.1340084,6.1352105,0.86956847,0.9006609,1.0
160.38222,2.6336973,0.38591492,1.0870494,3.0220923,0.61273295,1.1693858,4.4466414,0.35857114,0.93987083,1.0
236.21219,3.1797976,0.03191809,-0.07790645,1.6894233,1.2994617,1.1536621,3.7966168,-0.085609116,0.65340143,1.0
150.32683,0.24512672,0.42774174,1.4516257,-0.41845465,0.582262,0.94191855,1.0683271,1.2331848,1.2571892,1.0
249.15471,0.37990773,0.027220309,1.0948495,0.5148238,0.16738443,-0.3280412,1.1241171,1.2499255,1.1390102,0.0
437.26938,0.055608574,0.28374878,0.08078347,5.2902265,0.59221756,1.1470792,1.2081265,-0.04655955,0.3570783,0.0
456.55084,1.8699857,0.45587525,-0.023458384,0.88516533,0.2165219,0.6632461,1.1421676,0.7464316,0.8374515,0.0
419.0394,2.575987,0.3546118,0.2813859,-0.034037787,0.41960588,-0.014640893,2.027291,0.82854724,0.18531482,0.0
237.36636,3.670218,0.088378154,0.5828624,2.1055527,1.0183153,2.2497227,2.3696523,0.24057934,1.1426979,1.0
459.90128,1.2354993,-0.0066943564,-0.53610665,0.23379475,0.8246594,1.9372778,1.0765622,-0.31571627,-0.30321428,0.0
353.84097,0.5396037,-0.062309057,-0.588535,-0.22220467,0.52045655,0.28500998,-0.19902813,1.4586562,0.59366447,0.0
277.98935,2.240016,0.39713416,-0.105657496,0.7320137,0.13993756,-0.28381258,-0.038268927,-0.13527322,-0.2745475,0.0
387.8464,0.4069105,0.4062926,0.13117304,0.03822483,0.07779075,0.6131476,0.6454425,0.97192603,-0.06941085,0.0
185.46101,3.3952177,0.046210814,1.2618462,2.144647,0.8016413,3.34515,3.050925,0.26746532,1.154283,1.0
265.79037,4.383825,0.414656,1.0308125,4.6061106,1.2981946,1.2951125,1.086413,0.14798304,1.482267,1.0
166.95377,3.9200475,0.11317501,0.12673336,0.19654551,-0.055181272,-0.18737414,0.3684311,0.20268105,0.36355272,0.0
335.69382,3.159747,0.04971004,0.99508214,1.2087203,1.0268644,1.3452783,6.9542623,1.3669639,0.43020248,1.0
326.12766,1.8960797,-0.18469577,-0.14463916,1.9973522,0.00654886,-0.4656458,-0.20552523,1.0539515,1.1536843,0.0
197.85236,0.13285652,0.42342958,0.7212629,2.473388,0.65858513,3.6283336,2.9271238,1.2711514,0.7362983,1.0
162.33061,3.0903528,-0.116862975,0.5040685,2.9953985,0.62815297,3.5312765,3.05684,-0.19626337,0.5310107,1.0
448.0275,1.0697222,-0.14554757,-0.26050743,0.06523336,-0.0030535131,1.1761869,0.34151974,0.15854272,0.89280504,0.0
256.92978,-0.3601472,-0.07786365,-0.049806442,-0.11528355,-0.19911294,0.08542999,-0.04977479,0.8212666,1.0130504,0.0
172.89229,1.5909102,0.45262662,0.025893914,0.76353234,-0.23258132,2.04214,0.029378917,1.2511342,0.31464323,0.0
335.3524,-0.6348453,0.3264632,1.2237979,-0.5592141,0.72617656,1.1651248,-0.08952562,-0.52324736,-0.36997005,0.0
277.97885,1.4687624,0.013072059,0.011283697,0.039353494,-0.05504805,0.14115863,1.1055502,0.14499454,-0.117991254,0.0
318.1141,7.6874323,0.34960136,0.9112973,0.3148473,0.6357493,1.1842214,3.3546298,-0.29444158,1.0531156,1.0
382.02084,4.9905543,0.31397113,1.2609009,-0.24405836,0.9821036,0.8337561,3.0663218,0.11631215,-0.5459372,1.0
449.37817,2.8072984,0.46806332,0.00010239483,-0.4613295,0.51685774,-0.055237602,0.86644477,0.8129517,0.10909075,0.0
342.8578,0.43388838,-0.083183475,0.13533463,2.451189,0.69268113,-0.18993735,0.42759925,0.74219114,0.3599237,0.0
499.79245,3.7635593,0.12074026,0.45144618,0.0903093,0.4031806,0.10734053,3.1299503,-0.19225681,-0.17176631,0.0
116.12759,2.0562909,0.4305906,-0.17430691,0.86640376,0.352795,0.83102447,1.9128085,0.77952975,-0.14633755,0.0
342.75696,-0.2508564,0.07240518,0.9770091,1.2107897,0.37425852,1.19731,1.9586246,1.3597475,-0.013295554,0.0
237.89586,1.5900878,0.251468,1.0376154,1.8371112,0.7417135,0.9278341,2.1188753,-0.028708374,0.8857944,1.0
275.18265,0.40530458,0.51085013,0.08616701,2.2458675,0.05506613,-0.34991097,1.3440914,1.1296602,-0.46860605,0.0
224.78609,-0.1908804,0.1576472,1.3699152,0.06336788,0.30975825,-0.404261,0.22744468,0.869069,-0.26929337,0.0
251.85603,-0.26062092,-0.03215983,0.07839602,-0.23028472,0.5830032,1.2176265,3.1316655,0.95169747,0.16372985,0.0
192.46736,1.5632731,0.1283999,0.18551044,-0.062485397,0.5760628,1.250001,1.6124235,0.24419756,0.24126966,0.0
316.4067,4.0824347,-0.007245168,1.0451376,0.7162729,0.64264286,1.7529528,6.4963255,0.43411782,0.1068467,1.0
531.6088,-0.059338614,0.08956308,-0.20417093,1.0257647,0.16535306,1.8530016,0.88554895,0.9645593,0.62527555,0.0
458.1298,5.1538477,0.1600248,-0.30099246,1.3793746,1.0524093,0.1299111,1.1036487,0.013703288,0.054032262,0.0
174.42816,-0.4557513,-0.10612446,0.3285431,0.9367429,0.29362598,0.66478205,0.58745193,-0.14318436,-0.10172985,0.0
272.4217,-0.6148703,0.023159137,1.3232853,1.8322186,0.51460886,1.0758003,1.2843487,1.1204379,0.056863107,0.0
398.45084,-0.71950763,0.10172059,0.19306119,0.6527631,0.41688728,0.69105095,0.010715337,0.71189624,0.9909403,0.0
269.50058,1.976003,0.27877066,0.306539,-0.019463042,0.31808078,-0.06775836,0.107592374,1.0063957,1.1213315,1.0
289.87662,0.10388093,0.059785593,1.0190772,1.1659454,0.57678026,1.651949,0.1011404,1.407437,-0.22737618,1.0
266.51096,3.6090958,0.43220457,0.8908634,0.23902124,0.6856273,4.6098433,2.9278252,-0.11239351,0.011319055,1.0
447.9773,-0.522585,-0.06531014,0.031377096,-0.5636042,0.3123986,0.01242805,2.731465,0.14448813,1.1500943,0.0
344.1711,2.0330598,0.04626227,-0.032628816,0.17003828,0.69641674,2.210992,1.3422979,0.5775787,0.1916639,0.0
181.4905,1.4252266,-0.009368361,-0.14697467,1.9789202,0.42055157,-0.39073315,1.5008227,1.1148107,0.59240097,0.0
391.1408,-0.48412418,0.5548678,-0.26639658,2.309574,0.13050106,-0.0528545,1.9632277,-0.30438533,0.3026207,0.0
452.68732,0.79213077,-0.13459228,-0.12524846,0.86058253,-0.051161263,0.24931087,2.196066,0.22405313,0.5867024,0.0
229.30888,1.8761876,0.44358012,0.83906806,-0.5694206,0.9304344,2.219699,-0.21625198,0.1308038,0.80645996,1.0
414.57016,-0.2603404,0.45937434,-0.2559173,0.10392069,0.54786664,0.010752659,-0.33992636,0.18551584,-0.47833258,0.0
168.4621,2.7499037,0.4542683,-0.5491907,0.14079456,0.6541273,0.8332086,4.6303706,0.13559645,1.4240919,1.0
149.5293,1.9142741,-0.009203571,-0.0635525,5.1963234,0.9196579,1.0455223,4.158027,-0.13130857,0.79866374,1.0
82.99337,3.6682744,0.01529001,1.2093023,1.6729549,0.5244757,7.945761,0.109488055,-0.08020294,1.2932022,1.0
283.398,0.6219779,-0.17877264,0.12337847,-0.21497421,0.051984686,1.0965712,-0.04487155,-0.097044036,-0.2510372,0.0
329.233,-0.20044824,0.4217382,1.1788315,0.8902326,0.13270517,-0.16754152,3.9738374,1.1724687,-0.42585608,1.0
227.66154,11.060835,0.25167713,1.1387755,1.9286189,0.6628441,5.0725594,2.9554138,0.1306809,-0.32189986,1.0
32.70542,9.584803,0.011885214,0.59459716,4.4827795,0.57996696,0.036097847,4.1139927,-0.31271702,0.5383493,1.0
171.06383,-0.3969504,-0.055923015,-0.06877776,-0.112561524,0.17148183,-0.24297312,0.47546422,1.2634692,-0.07226579,0.0
384.0612,3.4931207,-0.045438133,-0.122718565,2.421683,0.04710048,0.9697711,1.5720336,0.36563554,-0.046235245,0.0
139.00627,3.4026468,0.14164776,0.8922048,3.505321,1.145452,0.64863026,1.5910558,0.16335163,0.782596,1.0
364.00443,0.23612577,0.33559918,0.24527432,1.7656506,0.10270737,-0.13647185,0.24762553,0.84867275,-0.385704,0.0
241.42082,4.4601617,0.38628384,0.4457424,1.3114779,0.17731191,0.059136026,-0.20859118,0.4866555,1.1137772,0.0
325.97247,2.6244264,-0.034508742,0.20570526,0.7812456,0.75970095,0.087752886,0.15041748,1.010144,0.7722279,0.0
181.39478,1.8479761,-0.19199343,-0.09694524,1.8404666,0.5779972,2.6660757,3.9569976,0.041178316,0.0061675264,1.0
368.53088,-0.056452524,0.60563916,-0.24246392,-0.48302144,0.7277167,2.312723,0.13796711,0.99609524,1.1578007,0.0
223.31688,3.6350627,0.5016226,-0.027422123,4.8419447,0.32657674,1.9819602,1.8800416,-0.009011193,1.1165093,1.0
212.43196,3.1126573,0.018963471,0.911631,0.65008765,0.35075212,2.0416372,1.2229077,1.5970898,-0.1439638,1.0
349.9991,-0.01981576,0.4349477,0.35779503,-0.031727634,0.21217783,0.2724253,0.31591523,0.11356396,1.0316993,0.0
262.32443,1.5057397,-0.04302915,0.108034335,0.9862972,0.20931272,0.083270386,1.4127604,-0.006360749,-0.6251798,0.0
176.64241,2.3805792,0.5053135,0.5956466,-0.4400391,0.17297481,0.07054876,-0.4979106,1.0725926,-0.24393469,0.0
285.3881,1.8306048,0.0087364605,0.09217644,1.9162475,0.5319627,-0.17344852,2.773418,-0.11355844,0.94830704,0.0
266.02414,3.3807697,-0.07980154,-0.0949412,-0.010214726,0.2617652,0.7473475,0.77490485,0.9589272,-0.03536654,0.0
310.1363,3.7136896,-0.16705784,1.427222,0.06314036,0.3580746,-0.07355338,0.79969263,1.0017556,0.9953304,0.0
98.53762,7.856109,0.21813498,1.0303184,-0.4327766,0.4063466,0.70663965,2.3741415,0.30639902,1.1153411,1.0
299.48007,2.3938262,0.46074525,1.3514149,1.1294911,1.0996896,1.1072842,7.014642,0.07465001,0.9092469,1.0
248.7137,2.246065,0.22860347,1.1345192,3.8527675,0.26832524,0.92820853,5.9486494,0.12784211,1.1851878,1.0
195.18289,3.8015428,0.10353418,0.7300128,3.0768416,0.5904132,4.5574417,2.459669,-0.25597388,0.60729724,1.0
237.17131,1.4648494,0.018196838,-0.3373064,2.3710618,0.33453938,-0.11181777,-0.500084,0.6249019,0.7678882,0.0
144.51698,2.0380864,0.45025262,1.1998816,1.5371467,0.44340447,-0.07899405,-0.15916775,1.1556005,-0.038996957,0.0
129.09949,5.163424,0.5113947,-0.20484103,1.8210071,1.0164623,2.7967982,2.2225478,0.22813658,0.91722333,1.0
215.72388,2.3259525,0.53824514,-0.112094186,1.1917511,0.4937312,1.4864627,5.2768764,-0.2998635,0.07631045,0.0
173.85704,0.27564284,0.4904678,0.11089074,1.8594533,0.4933346,-0.05687078,0.41004333,-0.26873782,-0.15949482,0.0
617.3947,-0.19829586,0.3957896,0.1893202,1.1107727,0.40207824,0.95497274,1.0681708,-0.3127071,-0.22294292,0.0
394.368,-0.06707405,-0.06325514,0.41937706,1.4030472,0.8828424,0.15724751,0.8708948,0.56764007,-0.20852561,0.0
371.5287,2.495256,-0.11703085,-0.022315677,1.3617419,0.815725,0.66847897,0.8779039,1.1838685,0.26319674,0.0
289.56055,1.9099778,-0.15317968,-0.3344665,0.29727533,-0.026014999,-0.094186105,0.057600163,1.2910359,-0.17178164,0.0
241.46867,0.28484592,0.44923815,0.15449663,-0.053855594,0.1756987,-0.30463183,-0.2304506,1.316055,0.25343436,0.0
275.7185,0.058211684,0.045494404,0.39361864,0.9883962,0.2317597,-0.16901222,1.1772838,-0.26753572,0.88026035,0.0
421.80173,4.371857,0.19140373,0.14100945,0.76024455,0.6308197,0.5403961,0.8957216,0.7681679,-0.5578366,0.0
182.3864,3.8959522,0.11478584,0.9308142,0.984904,0.9157278,1.5802056,-0.3277354,0.020675099,1.4068187,1.0
107.15916,1.5161166,0.44454852,1.2088532,-0.09214969,0.3643897,2.1258473,3.7592921,0.1593261,1.2679732,1.0
335.0783,0.3008777,0.035091277,-0.008255502,0.20531002,0.031627532,-0.01153112,-0.026752058,0.6371345,0.16191427,0.0
454.92725,-0.02649563,-0.04773953,0.29534963,1.1453445,0.22827402,1.0071794,-0.2138719,1.0846739,0.007838802,0.0
122.753296,0.3270596,0.4217963,-0.4474186,2.0893528,0.5563399,0.9054985,1.0009052,0.33774188,1.1400832,0.0
255.4887,-0.6660366,0.093603544,0.0821735,0.033435576,0.42847756,2.775268,2.232866,0.13180988,0.7988321,0.0
211.54088,2.3511472,0.00597251,0.22166611,2.1379838,0.3239036,0.76330495,0.762373,0.7181834,0.033429056,0.0
481.35074,3.1715066,0.10156043,0.18954587,1.9134982,0.61735517,0.60322666,-0.0695494,0.17111076,0.8299789,0.0
139.68999,3.2608774,-0.17618182,-0.14972696,1.9842383,0.9870608,0.9327975,0.39106637,-0.0028863733,-0.14090315,1.0
313.21185,3.7682526,0.5158617,0.8432521,0.016502779,0.04293165,1.8479568,1.696939,-0.30366775,-0.27667713,0.0
275.09775,3.624517,0.3947167,1.0116829,2.5259943,0.75931656,0.9779594,2.4509099,-0.05863107,0.95536727,1.0
378.84943,-0.7861141,-0.06906116,0.0011988027,1.7366099,0.43948403,-0.03996088,0.035977326,0.9542829,0.11113526,0.0
217.6355,3.7607338,0.36962262,1.0417194,4.455367,0.35141295,0.69624007,2.8127694,0.9924473,0.9809979,1.0
280.38724,0.28766617,0.021612812,-0.049342036,2.0805006,-0.03391256,3.1728368,8.227674,0.63274616,1.315697,1.0
451.66232,-0.11225124,0.34553173,0.52095795,-0.060396995,0.40599713,0.45013806,-0.048113715,1.1340955,0.25901967,0.0
195.25401,-0.13348553,-0.09505427,0.72145545,0.97146666,0.19125472,3.2517498,0.6578267,0.38043016,0.017263265,0.0
297.31827,4.7654886,-0.07246727,0.10208136,0.055415105,0.6656212,3.181454,2.9130228,-0.019157771,0.3031839,1.0
189.08928,-0.040809266,-0.059609253,-0.29191038,0.04755492,0.3134359,-0.037008032,1.058471,-0.04553138,-0.42812335,0.0
211.83372,0.7880827,0.21208656,1.2092359,0.8109775,0.65600127,5.2331195,1.2596003,1.0051644,0.7945875,1.0
150.88202,0.56276155,0.045353673,0.006038382,0.26314715,0.49218768,0.27974406,2.0593874,1.0563457,-0.21996988,0.0
288.73505,8.547554,0.39127886,0.7607473,2.066545,0.41824278,1.9922009,3.6127474,0.15648417,0.9204019,1.0
296.61652,0.022950348,0.034578722,-0.33496392,2.9640396,-0.10790912,0.101558864,1.8761151,-0.47901478,0.8197744,1.0
284.4537,3.9951859,0.47512603,1.0562553,0.9990327,0.66321284,1.7705749,1.3724806,-0.27989513,0.8971431,1.0
451.20566,0.02251177,0.23554666,1.438033,2.1178908,0.73161227,-0.096493,2.1750646,0.9712501,0.025442218,0.0
504.48422,1.6130152,0.38919923,1.2534591,1.4789044,0.61779785,0.48029673,-0.43857035,0.863184,0.33623132,0.0
354.7984,3.6794903,0.31054515,-0.14445989,0.098213,0.20356439,0.892842,3.394334,0.6575709,0.19840269,0.0
162.2902,6.6630087,0.36498556,0.8345376,2.2460248,0.89175856,5.336925,0.79156846,0.2053268,-0.16701756,1.0
285.80515,3.2371736,-0.063282736,-0.20803955,1.4638721,0.73820406,2.0015235,0.51749736,0.11635433,1.1525108,1.0
192.95961,0.87167746,0.33444884,0.1908754,0.34165266,0.92782944,3.1141076,1.2161045,0.46752578,0.058500767,1.0
408.2164,-0.023697967,-0.071964,0.9503795,0.9721468,-0.027298003,2.4782608,1.379822,0.9771859,0.10326973,0.0
261.73715,2.0724828,0.037863795,1.0091625,2.3809884,0.2614503,1.5391065,1.9963115,-0.22927855,1.0585166,1.0
192.61336,3.7347572,0.45853922,1.1582458,0.72510904,0.7816947,0.69643885,3.1045082,0.93692654,-0.22693451,1.0
539.26776,-0.09583433,-0.16410784,0.17230348,0.7029525,0.344165,0.7238216,2.8444948,0.81480867,1.0286056,0.0
277.25034,1.1187439,0.120159924,-0.040264662,-0.048972107,0.111547574,0.99044514,1.1186075,0.8117722,0.954875,0.0
188.25761,11.555541,0.2927294,1.1677371,-0.54987854,0.5721369,1.227803,1.1671649,0.033024922,0.7218221,1.0
69.10654,-0.46734208,0.42948142,0.75606436,5.062066,1.0448892,3.9590406,2.9828732,-0.026106082,0.91991127,1.0
188.54092,0.6318631,0.020787342,0.9294399,3.8235412,0.45934147,1.2741035,0.97452086,0.21679996,1.0313231,1.0
109.73748,-0.63004756,0.4968856,0.9477995,1.8490596,0.4057978,2.9791057,0.55814755,0.93844783,1.0928134,0.0
358.22748,-0.5910266,0.037530668,-0.08630846,0.7260036,0.72953814,0.1619727,1.9392323,0.9912617,-0.0041257506,0.0
368.1841,-0.043668043,0.45736042,1.1077056,1.0199637,-0.028168483,-0.0075468766,0.95307136,0.18165186,-0.047809858,0.0
341.24252,0.263414,-0.16162802,-0.22258016,0.69096357,0.78862655,0.08192747,-0.10004077,1.201247,0.6929295,0.0
314.3702,2.2470038,0.354555,-0.2504085,1.0215538,0.2815859,0.7928523,-0.22523484,1.0233016,0.18074976,0.0
213.80833,1.8773823,-0.037106834,0.0049101985,0.67816037,0.66069674,-0.31075048,-0.07512645,0.16074422,-0.3332868,0.0
162.00993,3.0020463,0.3672846,1.0649124,4.950753,0.28386602,0.09172512,1.910413,-0.14649434,0.0040416834,1.0
201.06282,1.4128109,0.48908573,0.7414663,0.11461971,0.23119856,3.1778479,3.0869355,1.0033553,-0.25847217,1.0
348.83282,4.87686,0.03639663,1.1152315,0.15481177,0.25014842,0.89454854,0.031147419,0.25714692,0.1455792,0.0
302.39868,2.947479,0.45446497,1.5023222,0.85516584,0.6999879,-0.25943458,0.3814064,-0.117894076,0.9080644,1.0
230.2369,-0.42359778,0.07231591,1.312272,1.3073063,0.1610287,2.7707264,3.167018,-0.06509943,0.90368557,0.0
134.19441,3.288415,0.2749229,1.1310385,2.4636059,0.6587999,1.4522395,0.82053804,1.217738,1.335335,1.0
431.85284,1.5582839,0.17095655,0.26463455,0.24127162,0.003562535,1.9574244,1.3839923,0.45125496,0.062384613,0.0
169.10045,3.6312144,0.3467586,0.9193857,1.8150986,0.8554291,4.665386,3.6065066,0.15731598,-0.08538426,1.0
469.0647,-0.29010975,0.3468752,0.011728788,-0.21976422,0.43254745,0.70001984,-0.075541675,0.11795267,0.19382983,0.0
195.32056,7.2247715,0.35116366,1.730931,3.6878302,-0.0028923927,3.0197177,4.7609415,0.02326395,1.079783,1.0
272.9255,1.5829831,0.35995218,1.0205406,0.7830314,0.60122085,1.033656,3.0347726,-0.22889814,0.4553763,1.0
340.39145,0.00042258835,0.55496573,0.2118655,0.8896968,0.1732958,1.1717883,0.9601423,0.9425388,0.06534196,0.0
160.67035,1.7282662,-0.028022965,0.48921704,0.049985223,-0.5830147,0.10817902,1.0741209,0.8160796,-0.29696804,0.0
323.70126,2.3128414,-0.033772122,0.06536404,2.1015337,0.5617357,0.2258415,0.92846364,1.4037611,-0.20650275,0.0
140.52548,0.5772879,-0.009090955,0.23958653,-0.2652573,-0.16862567,-0.20878288,0.11651826,0.91277695,-0.060360864,0.0
225.56487,0.15453415,-0.063016176,0.40428203,-0.27994502,0.37672934,-0.002153047,1.1046588,0.08018288,-0.056067668,0.0
328.2345,5.8010736,0.47755226,1.0036896,6.210233,0.5700516,2.625169,3.0289474,0.095922075,-0.15778062,1.0
97.59219,3.077996,0.04255868,1.2037604,1.9822452,0.54975486,2.922733,1.7668313,0.041349832,0.8277442,1.0
136.47285,2.3727853,-0.005257916,-0.06532398,1.8842063,0.48716718,0.8529403,0.8921912,1.1500914,-0.045930244,0.0
358.8377,-0.22608747,-0.0899287,-0.2346169,1.2459393,-0.007832674,0.8906889,0.09039475,1.0433756,0.005058265,0.0
281.57144,3.626396,0.267114,-0.0039773583,1.8589071,0.8486606,2.0352325,2.8330026,1.0960997,0.8460248,1.0
345.01636,0.81548196,0.030400285,0.20358714,0.44415057,6.88562e-05,-0.2658195,2.927284,0.9580217,0.87025577,0.0
204.4996,0.5809834,0.33133414,0.2920726,1.8879691,0.9673454,0.41519094,0.5182481,1.3124882,1.0886714,1.0
282.79697,2.9167883,-0.07782924,0.51951134,3.9586747,1.2947377,1.8365517,2.0887978,0.024429435,0.17486191,1.0
328.8453,1.4933149,0.4580472,-0.24241073,-0.23433603,0.1453187,0.15613043,0.095147096,0.94664484,1.2189142,0.0
442.64438,2.139405,0.1336699,0.1419737,2.0259519,0.82216436,1.8925599,3.1254303,0.17996778,0.8566203,1.0
164.50217,4.2625413,-0.024018956,1.2059507,0.7719408,0.68491155,-0.0015283554,8.189227,0.63608164,1.0319947,1.0
345.73605,2.0897393,0.44768474,-0.060302928,0.29643884,-0.10702409,-0.30438408,0.18722595,0.03897509,-0.109825306,0.0
220.75615,-0.42185143,0.0011571076,0.72252744,0.5051105,0.5134543,1.2851925,-0.15963496,1.314083,-0.075860344,0.0
209.76317,1.7621182,0.5542123,0.96793413,1.7796481,1.2345884,1.0007095,1.1389004,-0.36867803,1.2675815,1.0
260.88934,-0.8167563,0.40144476,-0.009125465,1.2933018,0.47885776,-0.014561936,0.8522035,0.96542054,-0.27640796,0.0
147.2318,3.9029715,0.05814376,0.6839148,1.7549834,0.4063904,3.0747457,3.8995745,0.17558394,1.0492908,1.0
145.17497,3.8143187,0.5413694,-0.0054057264,1.0978934,0.45408678,-0.08796686,0.12210726,1.0226529,-0.17195769,0.0
211.05571,-0.19965613,0.017264681,0.38005942,-0.16625959,0.47742924,0.9050817,1.080595,0.72490007,-0.063789986,0.0
141.85211,0.3669503,-0.04114049,0.02905692,0.9696057,0.17258576,0.1557822,0.7537552,1.3282496,0.8662867,0.0
276.198,0.94313645,0.50090575,0.003377682,-0.028320342,0.23658475,1.0343189,0.9752236,1.2145102,1.1749046,0.0
277.79578,3.204579,0.33660883,-0.4286129,-0.04361932,-0.11832206,-0.16993177,-0.36157662,0.8302629,0.31686828,0.0
430.9454,3.8920994,0.43873405,0.028050954,-0.55292445,0.012778782,0.1141954,0.03538644,1.0718018,1.1603576,0.0
364.56396,2.4126658,0.5467505,-0.08673543,-0.22798076,0.37666646,-0.017233757,0.8825436,1.1162329,0.3415168,0.0
354.9895,-0.6505206,0.5533182,0.9009094,-0.45790362,0.45659858,0.098345175,3.4210427,0.51623476,0.124012396,0.0
447.53378,0.039643064,0.3102603,1.1399246,0.8388119,-0.13140145,0.23557836,0.8271921,1.1659629,-0.06930604,0.0
217.19334,2.0258508,0.38267073,0.7274865,4.722824,0.52863914,1.8693358,2.4585843,0.10683863,0.851444,1.0
211.55424,1.6539793,-0.09943602,0.001854765,-0.10037763,0.44913447,-0.1697095,0.6890702,0.6470874,-0.5727609,0.0
379.77512,0.42289883,0.5594844,0.07369222,1.8735509,0.12781443,-0.08231736,1.9020095,0.018492352,1.4686698,1.0
359.3129,0.54233706,0.14888161,-0.30343005,0.9606967,0.48646885,0.09095428,1.6449108,0.052294485,0.98083895,0.0
280.12466,-0.14008175,0.7285173,0.060573984,0.83809316,-0.23985098,1.0685099,1.0388709,1.0163556,0.46902302,0.0
300.62213,-0.29731113,0.04877499,0.3835966,0.28047508,0.31131175,0.9963761,0.1315526,1.0419782,-0.22374111,0.0
363.6799,3.2435904,-0.22199483,1.0191932,3.9370186,0.7099252,1.518364,5.1224723,-0.1874644,0.445508,1.0
121.763245,2.6022797,0.5136196,0.68517244,2.25307,0.89366776,1.125658,1.71694,0.5592539,1.159958,1.0
235.7179,1.343499,0.19134311,1.212179,1.1118279,-0.079937994,0.39340872,0.04921147,0.9406895,0.058290366,0.0
311.7956,4.0559387,0.09333556,0.7335894,1.6647451,0.36194173,-0.04285457,0.17929521,1.220298,0.97284365,0.0
368.23834,1.6407123,0.049815245,0.1501006,1.3605335,0.26682615,-0.04832475,-0.18245924,0.63899165,-0.34793344,0.0
210.78482,0.3917885,0.018738871,0.15422459,0.0045984597,0.20229998,1.927699,0.8151403,0.07664114,1.6906027,0.0
31.812586,3.4076176,0.4307929,0.04836128,1.9022481,0.5370896,0.47617847,2.7678723,0.16290061,0.2661515,1.0
591.37103,3.4341161,0.32041746,-0.45545763,0.9215106,0.39036772,-0.040500075,0.9171167,1.1004562,0.56419736,0.0
320.7245,-0.3151635,-0.05923542,0.3606723,0.060723525,0.003318136,0.22571102,-0.28205642,0.78780735,0.04246299,0.0
284.58896,1.6288205,-0.061682887,1.3420184,-0.21302938,-0.082298115,-0.060385395,1.1914421,1.0567428,-0.16020231,0.0
425.54092,-0.066179566,0.37488338,-0.036553767,2.0970345,0.21075767,-0.08701395,1.0755386,0.9365403,-0.39228886,0.0
249.44592,3.226313,0.39126736,-0.054085355,-0.25995433,-0.15838335,2.041508,-0.080335185,0.27498904,-0.15472268,0.0
69.26011,-0.043290444,-0.11953419,0.07302648,1.1216232,0.50023985,1.0182256,1.925493,0.73181987,0.019605761,1.0
179.07265,-0.41721705,0.365702,-0.24096335,1.5122768,0.08606176,0.23147437,0.1610049,0.52442557,0.56727695,0.0
189.65904,-0.6307322,0.39288044,0.38410044,0.9974249,1.0050739,0.9250058,0.0010626268,0.88942736,0.047382716,0.0
136.36958,2.0868227,0.13282557,0.7167031,1.3641713,0.8513658,1.385326,1.8642209,-0.39512414,0.75666106,1.0
275.47763,-0.34694684,0.31753224,1.0610006,1.8880887,0.55548966,0.24510258,3.10624,0.43376368,0.099790595,1.0
272.3609,3.7979555,0.5523006,0.77055365,4.0383577,0.9713704,5.1190934,2.482061,0.31124082,1.1639413,1.0
422.0151,0.3262373,0.21738556,-0.24947515,0.40180805,1.2100985,-0.2738153,-0.21159974,-0.12713483,-0.017897159,0.0
160.05664,2.1287045,0.5719513,-0.27695718,1.4211605,0.44603792,2.1239636,0.51383996,-0.09357075,0.8480954,0.0
89.57404,-0.57817435,-0.11770852,1.11801,1.1509753,0.06546557,2.145562,0.5503232,0.12778483,1.1375508,0.0
385.70322,3.5257678,0.29482666,0.84528124,0.34833413,0.43077442,0.8123248,4.4669194,-0.19739433,0.9532477,1.0
430.85547,0.21491648,0.3676849,-0.39145333,-0.16171204,0.8296814,0.023150116,0.8416666,1.0452882,1.053285,0.0
328.44223,1.60304,0.41744408,0.5203906,0.8680663,0.65264225,2.3514998,2.3517938,1.10975,0.98361945,1.0
256.2015,2.0948153,0.45718536,0.92809623,2.1884158,0.8249675,2.2586713,1.0111071,-0.08722656,0.013926113,1.0
185.98875,1.3393687,0.4752144,-0.042422775,0.15336776,0.5623816,0.9135568,3.0270827,0.0033504376,-0.04946667,1.0
241.36856,3.7846668,0.2008287,0.04401854,1.6801188,0.34417787,1.8969859,1.3054982,1.0534956,0.012064599,0.0
303.4935,-0.25391123,0.06551909,-0.74813664,0.3260747,0.22912681,1.1520809,-0.034606155,1.3500453,-0.119409084,0.0
197.36064,0.93354124,-0.018180175,0.11851212,1.3117778,0.15935713,0.13416699,1.7050216,0.74484915,0.6473464,0.0
142.92508,-0.09148365,-0.043783635,1.133814,1.1897779,0.02150393,0.25677508,-0.42933226,0.8175206,-0.11497956,0.0
268.01266,0.030450987,0.5639325,-0.0126377465,0.88903445,0.13183734,0.44520757,1.2232517,0.051627453,1.0845838,0.0
130.83649,0.7003734,0.3500517,0.66735584,1.0878896,0.13799088,-0.0049028443,3.1030216,-0.38870385,1.1423839,1.0
105.24778,1.4450109,0.69362414,1.0875103,7.8770466,0.3564612,4.267132,0.94850725,0.07865953,1.2562134,1.0
431.26108,1.6778513,0.374619,-0.6091065,-0.08979091,0.057061337,-0.18678927,0.68424624,1.3180128,0.07740673,0.0
436.87384,1.372685,-0.122423545,-0.2074468,1.1211231,-0.12966426,1.1406338,1.8100458,1.2371972,0.3309575,0.0
288.53336,-0.17331913,-0.10659026,0.3486708,1.9446926,-0.05002117,1.0553126,-0.100647055,0.8420453,1.2362722,0.0
250.746,1.9525793,-0.115419686,0.5390126,0.2809964,0.0943284,0.017550431,-0.13294205,0.91545343,0.29731873,0.0
419.39877,1.7534022,0.14706197,0.16600813,-0.07637855,0.69339097,-0.3472559,1.6312523,1.1789415,0.29768637,0.0
522.335,2.0075116,-0.06172353,-0.2953722,0.7426172,0.4709359,0.104252346,2.3899767,0.9382499,-0.25423402,0.0
382.88437,0.058028456,0.048400637,0.23666932,-0.090362996,-0.006135949,1.8577571,0.106233664,0.6666089,-0.017111497,0.0
253.3155,7.446377,0.045679618,1.0929271,2.1093974,0.46874464,-0.5053577,0.79502463,-0.05359219,0.6259305,0.0
191.89201,1.1421244,0.45268917,1.15749,-0.14557788,0.24742863,0.9200342,-0.19236337,0.95928615,-0.41158912,1.0
537.31995,0.08360767,0.30940297,0.1126169,1.1193188,-0.0037974855,-0.12556444,-0.2579605,1.2366163,-0.32464242,0.0
73.88501,2.1357944,0.41056582,0.17876224,1.0904545,0.32959214,0.20909154,3.118319,0.74457073,0.7981147,1.0
31.472166,-0.041650716,-0.024155267,-0.29868713,0.2352771,0.06628954,0.19064608,-0.10427847,0.39916173,0.71238905,0.0
126.57887,1.8859845,0.60237616,-0.032994084,-0.17333536,0.075773306,0.3103848,0.040141214,1.0379883,0.1335736,0.0
191.9058,0.32824472,0.4269105,0.06071113,2.9369693,0.245185,-0.040180426,1.8873274,0.5283095,0.01972859,0.0
464.46445,0.3230057,0.37973177,-0.016963467,0.03201211,-0.0071382658,1.0939522,-0.15755655,-0.12849602,0.34866312,0.0
141.95897,2.1192062,0.42455864,1.4372625,1.1209276,0.7616341,1.8350104,2.6959877,-0.14027146,0.89612657,1.0
277.3785,1.818792,0.08131605,-0.011124953,3.3470001,-0.17776403,0.25787017,1.1240276,0.7156907,1.1167456,0.0
235.77083,1.8233622,0.028619288,-0.021388153,1.368628,0.94053084,2.4326756,0.03471906,-0.11138039,0.44586143,0.0
92.02931,4.156115,0.030517682,0.47075406,0.093230955,0.84600693,1.7284505,6.8834476,0.11172885,0.5852929,1.0
335.22308,0.17406954,0.55188096,0.9767419,1.9663136,0.94290745,4.1232686,7.083771,0.8704964,0.93106496,1.0
207.12846,0.801782,0.42502132,-0.35084325,1.0946231,0.37936372,-0.1506855,0.0785182,0.9153985,1.0015571,0.0
352.1183,3.5539556,0.39458057,0.0056953323,0.85344064,0.39971498,-0.38350114,-0.19740207,1.017454,0.30584747,0.0
245.25606,2.5157254,0.14471208,0.067926444,0.11071499,0.37711468,-0.10284196,0.115079425,0.051319197,0.110406995,0.0
106.61193,-0.25226107,-0.05277396,-0.23048453,-0.5015711,0.16931322,-0.051622547,1.3022851,0.29757813,0.028353304,1.0
304.998,3.6429243,0.25239086,0.3849506,2.3824039,0.124148026,0.6566684,1.1253449,-0.2953355,-0.1828854,0.0
284.77487,3.6367779,-0.16774508,0.9823755,4.4027834,0.42546728,6.797995,0.7926286,0.27502364,0.8506755,1.0
236.04399,0.036873803,0.110129096,0.21750139,2.1593199,0.39793736,1.0835723,0.22186509,0.828934,0.13808547,0.0
302.93027,0.059487425,0.05984359,-0.107409544,0.43147007,0.23435423,0.23708773,1.084084,0.8753341,-0.0042040013,0.0
385.8595,7.5697746,0.3319268,1.2944038,1.909245,0.66298085,3.5575793,2.0960197,0.52120465,1.2629302,1.0
241.62349,1.7362251,0.058252376,0.15463625,1.207612,0.1399768,0.12768394,2.5645294,0.10120545,-0.08456046,0.0
337.90927,0.15556687,-0.040990796,-0.2430189,1.2851455,0.6144828,0.050340995,0.9878754,0.86605984,0.12176818,0.0
258.66656,2.6278393,0.3228804,1.5315683,1.2084681,0.90998083,3.2298164,5.9252305,1.0099093,0.53308856,1.0
31.702658,3.5287442,0.48083788,-0.046113115,1.1383812,0.28360692,0.10922024,-0.21785295,0.96197087,1.3859674,1.0
156.41856,3.8460577,-0.00043447284,-0.07191099,0.5987085,0.5887627,1.7841036,3.1751328,-0.08560781,1.0270247,1.0
327.90988,3.1815314,0.4201424,0.3453352,2.0516644,0.75358564,2.9079568,3.1018481,0.98601115,1.4270552,1.0
200.5835,-0.13850956,0.4699288,0.8621902,1.3276193,1.1278467,0.111555435,1.0983891,1.3505788,-0.064365976,0.0
193.38222,1.7366921,0.067913495,-0.009415127,1.56546,0.04441098,0.7604234,1.0000471,0.21014772,0.80473214,1.0
441.2502,0.75126094,0.011951956,0.23668087,1.1287858,0.1877177,2.774199,-0.024948563,0.25851217,0.78075904,0.0
312.11987,-0.41064662,0.21295898,-0.2675601,1.128266,-0.1474165,-0.081172064,-0.47037268,0.7078326,1.0199546,0.0
375.1208,3.9626307,0.106328346,-0.20924713,-0.03934908,-0.14708588,0.75243104,0.77047336,1.5094208,-0.6318362,0.0
401.3235,2.3108022,0.09388813,-0.53484166,0.83932704,-0.050402276,0.8608272,1.8268083,1.4188966,0.36051777,0.0
227.54509,3.0354197,0.046994343,-0.32226437,0.8384107,0.13944907,-0.08560225,0.6693682,1.4980018,-0.16383004,0.0
169.18985,3.686034,0.054258626,0.4414876,1.346841,0.7407717,1.3018357,2.2389314,0.11573133,0.78470045,1.0
415.4753,0.09315568,0.5371154,1.2943867,1.9848245,0.6431781,-0.19107655,1.8836229,0.70095223,-0.23543322,0.0
309.90024,0.26515496,-0.079558775,-0.32352707,0.36935362,-0.14992233,1.5251613,1.1899464,1.1874437,1.2465204,0.0
427.14777,2.0691411,0.054412633,-0.29954216,-0.28684124,0.37158877,1.2164758,0.20762062,0.88739103,-0.13503285,0.0
225.2797,-0.29638302,0.27148283,0.074751504,2.4419622,-0.067025304,2.2144532,0.6165657,0.8679893,1.5465915,0.0
238.98323,0.42978925,0.044250675,-0.04078468,-0.112694375,0.17304201,-0.05540434,0.89146703,0.55816144,0.87223893,0.0
367.20087,0.13693321,-0.10801833,-0.12187329,1.7269313,-0.4102391,-0.6108989,1.6066358,0.93901837,0.37030622,0.0
163.88858,0.015577768,-0.19794735,-0.23007225,1.9749361,0.76405853,0.14383927,0.21813421,1.1313837,1.0327799,0.0
278.77383,0.3245767,0.4873099,0.001236967,0.063183755,0.044113677,1.0096309,1.8360608,1.2354966,0.1209039,0.0
320.5847,1.4476761,-0.13930227,-0.24037108,1.3335043,-0.0013472312,-0.15981288,-0.20848797,0.98734856,0.32455975,0.0
273.29514,1.9846228,0.18844922,1.1442995,3.1399715,0.7054073,-0.31735727,1.6811582,0.5222699,0.7310441,1.0
365.0457,-0.7294289,0.029811451,1.2379498,0.17266598,0.47450578,0.061427414,-0.09689317,1.0119613,-0.26559594,0.0
260.60303,0.1679332,0.04121254,-0.17681545,0.6431344,0.33795953,-0.008688629,1.5520478,0.17710184,0.2833924,0.0
322.36356,-0.0004118138,0.17809041,-0.10252967,2.2123134,0.36752093,0.10397415,1.4141961,-0.09758187,0.39783904,0.0
206.24364,0.32038626,0.045135166,0.64886534,-0.1864035,0.21137759,1.0067203,-0.13768277,1.1258935,0.652361,0.0
321.13895,0.32858214,-0.15078032,-0.551126,0.9254113,0.31336853,1.8641905,1.1018565,0.8617563,0.9644665,0.0
440.20602,1.4135555,0.1114877,0.10489498,1.0145499,0.48794526,-0.18973427,-0.0058966605,1.6536993,0.1415008,0.0
256.51706,2.032172,-0.1292282,0.21556887,0.28092825,0.53428054,0.34815925,3.916585,1.2159413,0.8387729,0.0
185.03996,8.28973,0.07003944,0.12220306,2.2709358,0.80742353,0.6270671,2.186788,0.44961908,0.025378326,1.0
351.9292,0.18935648,0.50528705,0.7118193,2.0340862,0.19131516,0.8965409,2.3637843,-0.012766264,0.7349758,1.0
227.93262,3.5046132,0.32261944,1.320907,6.260046,0.21923304,1.0116411,0.6537828,-0.38479206,0.80560136,1.0
369.59726,2.164541,0.4127944,0.98883003,1.3381907,0.19598499,1.2426637,2.9576716,0.14589007,1.0712149,1.0
172.39458,-0.745471,0.5602457,-0.15963353,0.72383,0.43776378,0.7895496,2.934238,-0.21191074,1.0005294,0.0
217.25829,3.651194,0.4107856,0.9534831,0.06650577,0.028717896,2.3614678,1.3672193,0.8225215,-0.2766662,0.0
176.72006,1.8026414,0.18398173,1.1122307,2.2616034,0.9667065,3.1357074,3.141206,-0.34719312,1.3240956,1.0
300.26508,1.6273235,-0.0317579,0.97427696,0.963628,0.15084669,0.07010397,0.18201639,0.9135638,0.99845475,0.0
151.11249,3.4055917,0.41633996,0.96565485,0.021715375,0.21251796,1.79472,2.0190897,0.21655416,1.3417997,1.0
343.80655,1.9610425,-0.016701126,-0.28687778,0.995278,0.5539918,1.2270389,1.2203447,1.0568806,-0.1110768,0.0
134.87277,1.7964839,0.46711522,0.31918743,1.8764485,0.18895543,-0.34517306,1.1789653,0.8049607,1.4912114,0.0
171.06584,3.6093051,-0.11865877,-0.17468384,2.2157238,0.618919,-0.109786846,1.6388825,1.3372394,-0.575243,0.0
325.83594,1.3643651,0.4801952,0.13549182,1.1152118,-0.14933349,0.5701911,3.1699636,1.0335554,0.73113114,0.0
94.36462,-0.21458277,0.356225,-0.038490627,1.1090304,0.4517207,1.9540356,2.1928566,-0.17658469,-0.02864214,0.0
389.4086,-0.36732882,0.003599689,-0.17949244,-0.14156935,-0.25732207,1.3692585,1.0173814,0.069074534,0.37905934,1.0
302.73782,2.2995784,0.41877183,1.1733754,0.10682067,0.4302101,-0.3081532,1.2631583,0.040650725,0.6833531,0.0
351.39413,4.112762,0.36691096,0.014554395,-0.40413824,0.12438275,1.4295039,-0.14414448,0.004949259,-0.103938945,0.0
280.61243,-0.7065103,0.360914,-0.14392968,-0.005794072,0.35561657,0.3700799,4.0657053,0.67852634,0.036802333,0.0
101.53758,2.1298053,-0.07287076,1.1677033,5.9550223,0.4110892,4.053042,2.0870817,-0.19541141,1.1838542,1.0
191.9683,0.17957972,0.12187053,0.33895227,-0.045479916,0.5398712,0.4253709,1.0841765,1.542491,0.34235102,0.0
401.2731,0.84441376,-0.12970924,1.0921496,2.8730626,0.3553592,1.502078,5.357379,0.3440718,0.28454477,1.0
195.23692,0.3261345,0.104730144,1.2426337,1.094438,0.57844484,0.9910882,1.1802,0.80012286,0.094259135,0.0
383.47748,-0.20268491,0.0875259,0.88417786,0.5324855,-0.19512714,-0.14134583,0.08234872,0.8849831,0.8339126,0.0
128.7458,0.6550193,-0.063941255,-0.20435886,3.1788821,0.036722537,-0.35688394,2.872357,0.1953678,0.8303635,1.0
104.44851,1.4777633,0.37579313,0.056637473,0.5212897,0.19548635,-0.1521261,0.06914863,1.2749466,-0.07972598,0.0
323.4736,3.6619256,-0.06846913,0.9561023,1.9212627,-0.09031802,2.0255067,2.3229196,1.1457477,0.09708604,1.0
169.02942,2.1294622,0.48829627,1.1644372,2.6665988,0.88595045,1.9619665,3.881696,0.011472952,1.1621357,1.0
117.94832,1.7392198,-0.1764186,1.1025765,1.3370508,0.8390126,2.849542,0.2399979,-0.3163364,0.2654438,1.0
252.15247,8.853517,0.6011602,-0.07413094,1.0613563,-0.023691675,0.8925292,1.7873136,0.11385714,1.3743412,0.0
195.32048,1.6605093,0.39054576,1.2810936,2.085733,0.92634183,1.3187385,4.216206,-0.063446574,0.69810003,1.0
184.20763,2.1165233,-0.11820151,1.0898545,0.61342,0.8727304,1.9717888,2.7168925,1.2483066,1.1246436,1.0
202.19469,-0.26769164,0.3482642,1.1415884,3.207114,0.6930231,1.1035652,7.1863217,-0.024417888,1.3660134,1.0
112.43251,5.2170553,0.2527208,0.52491486,0.9025448,0.71643096,3.0847178,2.791974,0.9515235,0.12344865,0.0
213.596,0.08098502,-0.057157617,0.19645263,0.91978747,0.5603693,2.3396475,-0.36468607,1.1925709,-0.23464917,0.0
336.8703,0.19336455,0.26815173,0.4113118,0.7276071,0.34208453,2.1605563,1.7961178,1.0663484,0.27943268,0.0
502.6407,1.4114264,0.38963568,0.056486454,2.9573786,0.097007714,-0.056039352,0.2785792,0.23065567,-0.116415486,0.0
349.28964,2.2977502,-0.13724111,1.1200589,2.8847065,0.9663281,3.3911629,2.7213502,-0.14688285,0.5600057,1.0
328.4714,1.7362498,0.07294079,-0.59032667,0.3172582,0.5878885,1.0588892,0.25619125,0.804312,0.18780862,0.0
369.59686,0.63162684,0.008908576,1.2494087,0.11351698,0.40518662,0.8914535,2.2706125,1.3348292,1.0007648,0.0
104.55149,-0.095665805,0.113746844,-0.4642635,0.25914973,-0.0113540795,1.4220057,-0.20393574,0.97154015,0.9785188,0.0
125.97228,3.5675147,-0.042018857,0.94450915,-0.63773316,0.46089578,-0.38487956,-0.1912769,-0.08952743,0.9969545,1.0
411.07755,1.6829135,0.013921151,0.2145814,0.10464336,0.16877784,-0.06494728,0.27635014,1.0785669,-0.06134708,0.0
204.75964,1.6875162,-0.099493526,1.2524498,0.9276886,0.040580202,0.329729,0.066630036,0.7905904,1.1838912,0.0
398.63968,2.316223,0.0026031053,0.20209,0.18344457,0.5939542,1.1694407,3.0164194,0.8867631,1.3135549,1.0
164.0773,1.5385091,0.43006477,1.2316526,2.4678175,0.4073768,0.2937943,2.1647758,0.8905609,-0.15871532,0.0
160.73625,2.4390416,0.14773192,-0.026096249,0.29863307,0.19334777,0.099337466,-0.08353116,0.83605045,0.1759807,0.0
165.57591,-0.59088427,-0.0614486,0.41998753,1.2470121,0.29419395,-0.042325724,1.9762158,-0.17747353,0.8760124,0.0
375.28424,1.3922876,0.122762434,-0.08848201,1.2375972,0.2851058,1.8614023,-0.14571038,0.37578827,0.33560026,0.0
361.8878,1.636273,0.4463935,0.19710796,1.0705165,0.15769975,1.9151673,-0.15082039,1.1379126,0.13850023,0.0
407.9447,3.3360689,-0.04090589,0.90813744,2.2113197,1.0214897,3.5335674,2.2335443,-0.034414794,1.0619351,1.0
314.64377,-0.42314988,-0.14922222,0.020660706,-0.06763435,0.7916024,0.28284043,3.4824378,0.9891864,-0.02750834,0.0
184.24467,2.508335,0.07794403,-0.40780765,1.1767077,0.5070436,1.2676266,0.79894465,1.0884309,-0.2333318,0.0
256.94397,-0.714516,0.12809832,1.0634043,1.7168812,0.8019265,0.32036966,2.8935125,1.1038737,-0.15089644,1.0
199.37535,0.47633445,-0.1753395,0.23388082,-0.10216976,0.6955972,-0.33274546,1.2960224,0.031758413,1.229782,0.0
358.2966,0.12952873,0.5006241,-0.23502068,0.7117953,0.037749544,1.0177928,0.31617388,0.86003006,1.0939748,0.0
250.55293,3.4979248,-0.15813348,1.0561049,1.1195903,0.47095695,2.0023413,-0.12344744,-0.09662067,0.11503907,1.0
265.27847,0.23799342,-0.1110236,-0.1739511,0.064215146,0.24457602,1.8742683,3.9443674,1.0140798,-0.13519399,0.0
301.40515,3.5256689,0.37095192,0.03565974,2.9667702,1.0254006,4.0371604,0.9051585,-0.039494548,0.98042834,1.0
197.90952,0.27173555,0.01999177,-0.14620624,1.1516078,0.05672741,-0.06835934,-0.08103152,0.046255916,-0.09715384,0.0
416.90015,1.395747,0.46257553,0.93011653,-0.13521445,-0.29624677,0.6559936,0.40120468,1.2828377,0.6841819,0.0
186.67496,2.347371,0.49509302,1.2761716,1.3047055,-0.11210466,1.3111315,0.10343821,0.65529835,-0.18612042,0.0
437.85776,1.8649668,0.43215343,1.386964,2.4314687,0.096767515,0.6712512,0.3563949,1.3580282,0.18967125,1.0
306.73972,4.831524,0.36701456,1.4572725,2.8613477,0.17226084,2.8111994,4.843921,0.8577777,1.331863,1.0
247.6844,5.4222264,0.012184589,0.74874055,1.1695883,0.53234977,0.08207727,1.6883365,0.02078826,0.8667093,1.0
191.72571,4.162404,0.39285418,-0.13779095,3.350702,0.5585003,3.3271203,2.689224,-0.11325915,1.2742946,1.0
169.27148,4.032833,0.38764003,-0.3193831,-0.5084765,-0.067748904,0.15881261,0.93287224,1.2164427,0.76638246,0.0
321.97043,0.25039554,-0.12477181,-0.38486966,0.36636317,0.22591884,1.0694025,1.3743135,0.7167407,-0.004691534,0.0
241.78087,0.3683192,0.5570423,1.051114,3.693319,0.4779596,0.9660277,3.3207955,-0.11552343,0.7134892,1.0
261.82672,4.709462,0.26791653,0.8218546,1.8625551,0.5209648,0.9368507,0.17940947,0.82939976,1.3322915,0.0
373.9392,-0.2703105,0.27043542,0.020766124,0.16800529,0.29091325,-0.24893168,1.2424935,1.0956258,1.2384622,0.0
365.38242,3.3608937,0.26099038,1.61549,3.8869383,0.51631206,-0.21006194,2.3884006,0.5708273,1.048535,1.0
283.73978,2.2172368,0.4628272,0.4515551,0.4862629,0.60819757,1.1864481,1.0391779,-0.027918546,-0.3691473,0.0
283.57956,0.088892475,0.38528803,0.30083773,0.076150715,0.3429589,0.4366708,1.3396487,1.3119192,0.17210215,1.0
353.2357,0.35898644,0.05312742,-0.17662346,0.6340587,0.20277748,-0.1409334,-0.23588999,1.113982,-0.16677566,0.0
389.56586,-0.2958036,0.35052472,0.2145349,0.035746586,0.15881367,-0.25792092,-0.14954168,0.5863076,0.08985511,0.0
411.9336,1.8297998,0.008730416,-0.04512583,-0.18962732,-0.13338014,1.1166573,0.014958797,0.24073622,0.006929314,0.0
205.33199,10.577741,0.2770479,1.0494523,0.1496045,0.9258504,3.0795395,2.7598329,0.1512051,1.3632321,1.0
290.6703,4.159796,-0.03986463,0.8181179,1.4140505,0.41375968,2.3600612,-0.17781386,0.72577184,1.0600175,0.0
195.19148,2.303959,0.06967165,0.3372085,-0.25317973,0.57197237,1.4185044,2.0729434,0.9706384,-0.1737389,0.0
310.93747,0.099137835,0.4260683,0.315243,4.3416095,0.94103783,3.702754,2.2665205,-0.111757025,0.9450422,1.0
231.75719,0.018796518,0.31993878,-0.07395563,-0.068395205,0.7791433,2.0097508,0.9825425,-0.13007641,-0.25370637,0.0
269.67606,-0.18726334,-0.11321093,0.44673654,-0.55111766,0.05616348,-0.021327654,1.1154342,0.9181288,0.80728424,0.0
390.83984,1.6720731,-0.07384098,1.1562676,3.8414829,0.51330954,4.2790327,0.6256239,0.663321,0.95720553,1.0
217.16856,2.3023636,-0.09618769,-0.056084994,2.0737195,-0.021090182,0.8516333,-0.049139936,0.03962242,0.78678936,1.0
211.40648,2.0788102,-0.19930044,0.20853843,-0.121680796,0.57340205,1.7891831,0.12651338,0.93815726,0.18844931,0.0
228.81001,-0.23979124,-0.019966654,-0.108255096,0.15647978,0.6735802,-0.27485034,0.577229,-0.25885043,-0.050853,0.0
242.51505,-0.5965246,0.3666317,0.85695946,0.00924602,0.45107257,0.07131252,0.96035975,-0.3265299,-0.28274226,0.0
361.71506,9.255561,0.23792794,0.63820285,-0.019317921,0.77864003,2.2707853,4.070782,0.13044265,1.1257095,1.0
274.73898,2.9192266,0.34856388,0.9404829,2.7352052,0.6553975,0.06145504,1.4801173,0.026136061,1.0820327,1.0
294.0446,1.9256741,0.48560795,0.5011584,0.97158724,0.2621627,-0.111991614,4.0621805,0.93532616,-0.22379522,0.0
403.5948,0.7666608,0.4669015,-0.006520353,1.1011195,0.011065041,1.1312777,1.3402338,0.01774446,0.8872416,0.0
395.61542,0.14409447,0.41418028,0.8921321,0.6021746,0.5218956,-0.05163022,0.6077585,0.684542,1.1057159,0.0
322.0216,-0.45255452,0.14098834,-0.20460662,1.8719727,0.49389622,1.4818802,0.87998974,-0.15304169,1.0087776,0.0
131.39543,3.2025528,0.50967664,0.3357968,3.3372002,0.66430706,2.0748146,1.78183,-0.020292161,1.083148,1.0
424.34836,3.3516612,0.4633971,-0.15566513,-0.16761006,0.06946077,2.1182988,0.8644013,-0.040750258,1.4926736,0.0
160.48558,1.9244156,0.31155166,0.3044255,0.112840176,0.28073615,0.9012952,-0.15496898,1.0388017,-0.08054622,0.0
313.88193,0.1490532,0.05371318,-0.15501697,1.2281944,-0.019866675,0.98925906,0.24046494,0.4814434,-0.064545564,0.0
140.4817,1.9742961,0.05723492,1.2455411,2.224843,0.8283119,1.4401042,2.7772434,0.78905267,0.8360334,1.0
291.79303,-0.45817617,0.0789073,0.16585505,0.21596973,-0.20623598,-0.16631716,-0.04751284,1.2442672,0.9407945,1.0
253.62102,1.756762,0.41195354,0.23626238,4.9671426,0.06762468,0.16772653,0.22558619,0.9497616,-0.041829664,0.0
397.0605,-0.12976351,0.20943359,-0.14182138,1.1269993,0.31310007,-0.5616814,0.021836199,-0.29593778,1.1280153,0.0
90.116905,1.094685,0.05661405,-0.0073319557,-0.075002685,0.3466804,0.33724305,0.08753092,0.89223534,0.5402508,0.0
289.00073,2.357851,0.31600273,0.88518035,4.0301743,0.83535016,1.4690956,5.157332,1.2807375,0.72429645,1.0
216.66039,2.639684,0.47976705,0.12526295,0.97997206,-0.250583,1.0695105,0.036042936,0.2801392,0.09018069,0.0
239.2935,5.62462,0.5432404,-0.2461947,1.1357741,1.027894,2.9850593,1.7285395,0.5535525,1.2193972,1.0
222.28178,2.7726853,0.48725554,0.80512476,1.4683006,0.7088502,3.8827226,3.9031117,0.2688544,-0.060755894,0.0
295.0377,6.868154,0.028993431,0.6569489,5.0778666,0.8852959,2.8884017,2.2227159,0.708123,0.9797963,1.0
343.91867,0.7088044,0.060634084,0.5440846,0.32508442,0.27011278,0.03208648,-0.04720542,0.8949196,-0.013155868,0.0
353.46307,-0.2081001,0.3905667,0.27705464,2.1367471,0.28173703,0.9346889,0.98488814,0.7922126,1.4125882,0.0
147.89986,1.9224181,-0.011509503,0.98719394,3.1707928,0.85286355,2.8122222,5.16947,0.19907165,0.93689775,1.0
446.60287,-0.3412592,-0.04543307,-0.40791488,0.6057447,1.0086004,1.1603427,3.2324653,0.88023067,0.96948314,1.0
255.93396,2.536141,0.42842022,1.1415713,-0.24704349,0.0016487489,-0.30223063,-0.3255179,1.1698191,0.8154653,0.0
190.4729,5.2629876,0.6277966,0.73377097,-0.13843477,0.81951207,0.59892607,2.7648907,1.0012281,0.004054774,1.0
179.11841,-0.33199832,-0.21338503,1.2097732,3.8983405,0.53269994,0.19484222,2.0857527,0.069412455,0.6370203,1.0
158.7942,1.2394542,0.45669946,0.8889171,2.2183769,0.30470058,1.8966006,0.27403668,-0.12249186,0.7978052,0.0
232.36018,0.26390907,0.56795114,0.057055473,2.6405349,0.49727046,-0.39524832,0.040131096,0.13059972,-0.21336608,0.0
259.66025,-0.25152236,0.527701,-0.008160772,0.14905846,0.2815328,0.70461446,1.2634043,0.27024552,1.2264731,0.0
61.24939,1.8192582,0.1396348,1.0859374,-0.07435974,0.025200186,0.19486572,2.9969382,0.96653694,1.3060255,0.0
413.52658,1.2839926,-0.11563759,-0.3232131,4.4735284,0.26477927,1.4286816,2.2167332,0.08086869,1.2427564,1.0
309.98416,-0.2801258,0.47201696,-0.21366589,0.12330123,0.3438905,-0.26021445,0.76697284,0.8239227,-0.25712344,1.0
239.05704,0.48210436,0.3751212,0.89733505,3.7866836,0.6810869,0.76733077,3.3629339,0.9391463,1.2031032,1.0
315.3889,-0.8071584,-0.15668379,-0.36925122,2.0846581,0.4588094,1.8167065,-0.19323023,1.0880165,0.25384763,0.0
414.1688,-0.24806115,0.0020128302,-0.31866774,-0.30077797,0.5798178,-0.45765454,1.0732967,1.3933195,0.011970409,0.0
331.12534,4.2885685,0.44093236,1.0677966,2.1197095,0.26608098,3.2746372,-0.056284502,0.391856,0.10411891,1.0
331.75363,-0.63786227,-0.051030185,-0.26970553,0.22421418,0.3196614,-0.07566652,0.40576598,0.87991196,-0.07660326,0.0
133.98792,3.8401499,0.21110852,1.326918,0.9843733,1.0955048,-0.34822705,3.118253,-0.073132746,1.0621707,1.0
38.04307,3.2108197,-0.201712,0.81707966,4.716487,1.0015925,3.1493561,5.2971096,0.06648544,0.7120113,0.0
380.2499,0.030135088,0.0043458585,0.5892587,0.82126874,0.08507497,0.59670097,-0.015986446,1.0186561,0.21448098,0.0
68.721,-0.28727168,-0.10326322,0.99640274,1.7427578,0.632511,3.2716856,3.567632,-0.34433162,0.7216625,1.0
417.17334,5.960394,-0.032429665,-0.1410811,-0.11537561,0.15176646,-0.1177943,0.6665509,0.9525996,1.6146897,0.0
278.6774,-0.15647441,0.0025503284,-0.235788,0.009318478,0.15098457,-0.456741,0.99599904,0.8225328,1.0966078,0.0
168.99818,3.878035,0.15346567,0.124545224,2.1922874,0.52222633,0.10114921,1.9146458,0.5504955,0.5937728,1.0
328.0454,1.2466666,0.502552,1.2939738,0.069874205,0.40854713,0.5951732,2.9245746,-0.14680001,1.1936321,1.0
180.98439,0.11537503,0.22910126,-0.17346303,-0.10610793,0.60080075,0.9993572,-0.25375164,-0.56887114,0.27255005,0.0
387.18973,2.9881508,0.043613996,0.17998885,1.2344284,0.035647385,1.0890397,-0.11909215,1.1609824,-0.21682431,0.0
443.0898,0.24346395,0.4036243,-0.06330118,-0.30020136,0.13097927,2.060792,-0.52865344,1.3686477,0.118060865,0.0
454.87613,4.32659,-0.09940323,0.2571954,1.1925267,0.42586827,0.32385477,-0.02232333,0.17641655,1.1696857,0.0
284.42905,1.4474045,0.055668093,0.97924453,1.7047606,1.1420131,3.4325106,0.9745737,-0.15564477,1.3601981,0.0
260.34103,-0.18574335,-0.06708634,0.05809657,0.83395076,1.0798973,2.3677766,2.3935528,-0.23792525,0.01653379,0.0
203.19551,5.5697255,0.25766155,0.28260136,1.0775825,0.28392377,1.1727341,2.1469615,0.28297535,1.0411446,1.0
209.50858,0.46692178,0.5228459,0.14659935,0.43430212,0.030038795,-0.20279482,0.07905206,1.1663965,1.101871,1.0
386.56296,-0.17764238,-0.031206597,-0.026365353,1.4481747,0.55577236,1.2047226,0.1315339,-0.24003984,-0.28662953,0.0
435.84375,3.2662802,0.057350572,-0.2862985,1.1436744,0.31930202,0.011901951,0.08996593,-0.2334896,-0.26218626,0.0
135.04802,0.2793244,0.28945863,0.45987204,1.6386681,0.021489779,1.318128,0.86921763,-0.1717499,-0.024573276,0.0
261.12927,3.8346958,-0.023061289,1.394323,3.2440228,0.2497626,2.2339163,5.65599,0.71666986,0.8910182,0.0
114.59768,1.6708134,0.38447395,0.6422733,4.1434703,0.5443901,2.2183847,1.9600754,-0.23201877,0.9111107,1.0
476.6097,0.5876417,0.08652993,0.31303054,0.12172053,0.1918435,0.8278244,-0.35964012,1.0342087,-0.13590504,0.0
207.89806,1.9735523,0.3767173,-0.4686318,0.8996999,0.12038657,0.69257987,-0.07360198,0.85461843,-0.1962439,0.0
239.66702,0.93713677,-0.09097137,1.1050135,0.098931156,0.27631056,0.076621264,1.6987773,1.3063476,1.1682713,0.0
175.40373,0.46672565,-0.05631466,0.99383414,2.894545,0.72988164,2.164664,1.6749394,1.0551807,1.1058968,1.0
312.78452,-0.17179802,0.014744769,-0.025975756,2.056593,0.65629846,-0.24440914,-0.20057632,1.2348151,1.1475292,0.0
446.36206,-0.28491995,-0.14308134,1.2986273,2.2840462,0.420645,-0.22735657,-0.2065035,1.4807093,-0.10045035,0.0
222.15434,2.9443533,-0.020972047,-0.029193358,0.04678002,0.74550635,0.2938067,0.98326635,1.3548815,-0.029740257,0.0
293.08408,3.335868,0.032474753,1.007332,-0.009073603,0.068666786,1.0860914,0.91601706,0.9607069,-0.18495934,0.0
275.9801,3.9003527,0.32506412,-0.24852028,2.4636068,0.119037576,-0.036724295,3.3916013,-0.09546986,1.1517389,1.0
226.5583,-0.26312298,0.037818342,1.210719,3.3173637,0.6230568,0.056735523,3.319137,-0.117703184,1.1644925,1.0
305.75314,1.7338796,-0.105503514,0.01409063,0.72402996,0.25560358,-0.27690792,0.8520729,1.3912833,0.9838424,1.0
452.12433,4.2844143,0.10422384,-0.2537217,1.029206,0.28429347,-0.042258553,0.2059857,0.827221,1.0121331,0.0
363.34625,1.9583482,-0.08995412,-0.13965257,0.114248924,0.050139964,0.0039526103,0.20265847,1.1472652,-0.09046127,0.0
214.83992,3.4974785,0.2848568,1.0894933,1.1750942,0.8498737,0.7752012,0.8897076,0.14856425,1.0292548,1.0
347.24802,0.14205241,0.23503338,0.11020985,0.22887129,0.27488413,0.15091342,-0.25233656,1.3558173,0.26538926,0.0
346.92197,1.8832386,-0.017499058,0.16148612,0.13099948,0.65931594,0.084951006,-0.38991514,0.018946081,-0.23066843,0.0
332.41367,2.0785232,0.3525637,1.1527787,2.942281,-0.27119234,2.0047483,5.7383533,1.1849718,1.142552,0.0
255.95227,1.0989943,0.005668543,1.0009029,3.1858728,0.47656766,0.6706281,4.8397646,0.029693983,1.0177047,1.0
226.40796,-0.38366532,0.38769838,0.73682374,0.14972705,0.43154308,0.43246326,-0.3491797,0.8112718,-0.68570375,0.0
406.52936,1.6983254,0.11588178,-0.15444176,0.5546275,0.287631,0.4967805,2.7787452,1.2504357,1.3760664,0.0
217.1438,1.7549672,0.43772125,0.52336454,2.0933692,0.09434497,-0.22624686,1.2144867,0.11905588,1.1019641,1.0
86.91818,0.026072308,0.4760571,0.3469222,0.28975722,0.598515,0.12084731,0.86251044,0.99585706,0.1845495,0.0
224.49486,1.9479841,0.52196574,0.039631676,0.7031145,0.5675916,1.9186208,-0.13662472,-0.047435425,0.09979951,0.0
473.3881,0.1630396,-0.038108733,0.074477,0.48333108,0.23498827,0.98022085,1.8673891,0.81159836,0.24162883,0.0
365.7024,3.1304107,0.2201587,0.7869292,2.4321334,0.24575253,0.33886528,-0.009905839,1.0117164,0.9820273,1.0
380.59714,0.17372061,-0.110857606,0.26819164,2.3592284,0.8729304,2.1104374,1.7212218,0.46761802,1.054368,0.0
265.69434,3.0171835,-0.025106663,-0.10108471,2.088197,0.28533357,0.6598518,0.6525188,0.90126413,0.77479446,0.0
166.02336,0.2602859,0.22944136,1.1237733,4.0081306,0.26550996,0.56489116,1.9081509,0.47904372,1.4305652,1.0
347.5123,0.7238746,-0.0034198128,0.32719374,1.1878,0.34046295,0.3503485,-0.07983888,1.448777,0.36723316,1.0
366.34982,3.3488696,0.3347692,0.0011621944,1.2136582,0.31259954,-0.100732155,0.8958278,0.27741542,0.5643141,1.0
263.04242,-0.38402352,-0.024088252,0.17604041,0.8331818,0.124471076,1.8104967,-0.12839925,1.1382518,1.2173507,0.0
402.3172,0.3865682,0.62054056,-0.008094324,0.6863881,0.029635116,2.2139404,-0.15675904,0.5101227,0.23887295,0.0
414.61523,1.7541687,0.42177746,0.81507057,-0.060862765,0.113320604,1.6112443,-0.009837303,0.07813048,1.0779046,0.0
100.69818,2.8572824,0.039865527,1.0823754,0.80106187,0.69669795,0.21928422,-0.30169344,-0.29706398,0.12615295,1.0
175.19788,2.7134163,0.33101052,1.0850743,-0.18498018,0.65527266,0.9121682,0.84512174,0.46315944,0.12585977,1.0
244.6663,5.2457013,0.04826306,0.79400945,2.4525273,0.6442607,1.2539759,3.1924512,-0.2298353,0.8693557,1.0
227.61348,1.6103575,0.02234369,0.08504875,-0.33136436,0.49396122,0.6519765,0.12798828,0.29519612,0.22219452,0.0
137.04854,1.5912975,0.07619636,0.18465109,1.5058707,0.39560357,0.30895907,1.1527524,1.2771279,1.0825745,0.0
384.13593,2.1852238,0.050958175,0.88121474,0.05856932,0.562349,0.80487055,-0.12389863,1.2154914,0.06449206,0.0
221.01099,3.8415778,-0.065391935,-0.055967446,0.24389964,0.3929318,0.96334726,2.1383955,0.3171268,-0.33062717,1.0
521.7416,-0.15202817,-0.2649601,0.19085571,-0.45501772,-0.095880754,0.028608406,-0.8120144,0.9114356,1.0946282,0.0
182.69704,3.5784342,0.25391486,0.6307967,0.7928041,0.37883756,1.1401,4.9871364,0.28105134,1.1696529,1.0
47.38521,0.13450497,0.46142054,-0.03883767,-0.034677994,0.07110767,1.1665998,2.3622913,0.95393157,1.0254498,0.0
509.83112,0.14928542,0.0070417686,-0.38682422,-0.06954257,0.33019423,-0.36190116,1.6999577,0.7708754,0.3121675,0.0
287.0583,2.2271035,0.3385155,1.3528996,6.1155844,0.96868426,0.6612952,1.9204928,0.409874,0.8494746,1.0
487.20743,0.8479359,0.07652294,-0.42152777,2.3377292,0.4095898,1.2612177,1.950037,0.8652818,0.17927428,0.0
257.00116,-0.758101,0.29928055,1.0791584,1.7269561,0.98818314,3.0784273,5.3152394,0.045499746,0.83514005,1.0
282.50626,1.5379852,0.38300034,0.01915188,-0.14585057,0.2898377,3.3260202,1.7553676,1.3386587,0.03077651,0.0
357.5556,1.530005,-0.07869667,0.3830599,0.94173485,0.5491335,-0.017675474,1.0890179,1.2592791,-0.24420305,0.0
373.21277,-0.3193472,0.06456202,-0.061212745,1.2231472,0.65430427,2.003826,2.0070095,0.80711913,1.0076718,0.0
343.82956,5.432156,-0.0014852561,1.0859592,2.0460832,0.108625524,1.1834844,-0.30263504,0.581436,0.43921968,0.0
394.86765,-0.43040884,-0.027819678,0.30529657,0.3139708,-0.050682325,0.278643,1.2921797,0.9802228,-0.584999,0.0
283.39877,5.3809295,0.48437515,-0.22664534,0.103972755,0.34875223,0.88953507,-0.49257696,-0.338446,1.0488007,0.0
344.2042,0.008573725,0.4550963,0.13157097,-0.33592618,0.7087793,-0.38087365,0.87932575,-0.06897358,-0.19026142,0.0
32.53047,3.1453657,0.057199623,0.8892142,4.0420604,0.3389514,0.8341339,1.6721753,-0.1718372,0.96159184,1.0
302.99606,4.2958975,-0.052423805,1.0265975,2.303996,-0.031308748,0.96239716,0.13362874,0.06603813,-0.169371,0.0
218.02977,7.0986667,-0.11454747,0.43845728,4.4917665,0.24678475,0.07795565,1.8573906,-0.015861612,1.0154976,1.0
356.02634,3.884615,0.347498,-0.10964347,3.4636638,0.096252814,3.5182872,3.811625,0.9878523,0.72403735,1.0
270.18646,1.9113344,0.3376299,-0.1322486,1.1508391,0.24703366,-0.04258251,0.06416737,1.1890095,0.79381377,0.0
281.10825,2.2413723,0.48357493,1.1465014,3.3232203,0.76897514,1.9646229,3.194886,0.40765822,0.3306121,1.0
414.18716,1.7251564,-0.035486773,1.06588,2.5090263,0.34720558,1.0961394,1.27269,1.1336086,1.4229149,0.0
249.4307,1.8245671,0.31072775,0.10372566,-0.059588082,0.48449042,-0.40962338,0.5211711,0.09721986,0.49639454,0.0
307.0676,-0.11526183,0.005946589,0.28238788,0.88906765,0.5077157,1.9882287,0.1722397,0.72452193,-0.072060496,0.0
287.75092,0.77055115,0.4050973,0.34674713,0.005429209,-0.104351304,0.3124067,-0.12706128,1.2684046,0.022274986,0.0
247.70512,3.4472458,0.056759745,1.1801718,1.2670716,0.11606487,0.17574702,0.35012856,0.98195815,0.89800996,0.0
579.3673,0.2512185,-0.026733471,0.22560492,0.20330024,0.15374447,0.18817087,1.1137654,1.0570217,-0.096126884,0.0
267.2271,2.0211074,0.33777508,0.8219994,2.2630181,0.25920737,1.2013897,0.8149279,0.17698365,0.93979025,0.0
108.6735,5.8252935,0.2746301,0.8636896,2.1932263,0.6229987,1.9267893,1.8189456,-0.093043834,0.75387585,0.0
303.32275,3.419261,-0.021746768,0.6919913,0.8587855,0.54923207,3.87187,-0.06853638,-0.09551027,-0.15962109,1.0
229.69127,0.7180722,0.40806818,0.8624836,1.185432,0.5237247,0.114534914,2.8989568,0.31036156,0.07316267,0.0
277.7938,2.0917609,0.61140627,0.29148993,-0.18342374,0.5013233,0.11672672,2.673807,-0.3652358,-0.25537363,0.0
248.88884,3.0763695,0.028720438,0.20546362,0.3265794,0.0076661757,-0.20028122,-0.19795315,0.5614167,-0.034976643,0.0
192.44109,0.8535243,0.027399153,0.0467327,-0.23595949,0.28056973,1.8541871,0.06853584,0.79687524,-0.12063677,0.0
198.03424,2.2898903,-0.041397586,-0.15257625,2.9577706,0.046583246,0.2169943,-0.27763948,0.19785532,-0.44404247,0.0
282.69864,2.4674778,-0.09894711,-0.38551763,1.1406796,0.60372514,0.104595535,1.119625,1.2051039,1.0411351,0.0
262.74167,2.582829,0.47949615,0.61111784,-0.27617306,0.6938185,-0.09167869,1.5430199,1.0628389,-0.103236966,1.0
244.44206,0.005919748,0.3530812,1.3190426,1.739046,0.4403167,1.1347237,2.1523063,-0.123663045,1.1347346,1.0
251.63142,1.7327523,0.08200857,0.06901963,3.1744783,0.74890095,2.128979,2.139689,1.0160023,1.2422777,1.0
343.83078,-0.36600006,0.076348126,-0.22047365,1.7599759,0.06925945,0.9519278,0.32069278,0.28519544,0.12767959,0.0
240.46951,2.1987271,-0.13628097,-0.32115716,0.3100216,1.0979562,1.0351266,1.9047812,0.5095443,-0.08430774,0.0
187.29326,0.033639606,0.34918633,0.90593576,0.02571877,0.103261806,1.1604167,1.8911644,1.012161,0.03276043,0.0
280.74445,1.8789376,0.37703213,0.36422932,3.2382967,0.6049169,-0.045955084,-0.106626034,0.5008426,0.7235312,0.0
397.16846,1.4340713,0.06841379,0.042609517,0.8862772,0.5489142,-0.1698541,2.048007,0.9804247,0.3242759,0.0
398.0942,-0.31572032,-0.04796572,0.10623601,0.004235575,0.92355275,0.20287392,1.0763432,1.0157187,0.7745959,0.0
239.2814,5.889018,0.29048845,0.6787091,0.10377312,0.74633324,1.2078196,3.3529375,-0.3540321,1.1082222,1.0
222.74422,1.5889934,0.07389496,-0.068129614,-0.06076871,0.07560776,3.144824,0.43589112,0.14272909,0.7327277,0.0
395.47952,1.827919,-0.075647466,0.06708004,0.49218115,0.31418583,-0.32499778,0.8136939,-0.44069344,-0.30290818,0.0
473.62863,0.00014189557,0.41263303,1.0292826,-0.40515974,0.034187656,1.0515733,-0.17489696,0.5784651,0.27950373,0.0
275.07718,-0.45366937,-0.017271107,-0.3297722,1.0563307,0.14401533,-0.2590961,-0.15208305,1.2341673,0.9582519,0.0
320.17917,4.283132,0.020789007,-0.4305199,2.0759914,0.68673354,-0.2998532,2.0602467,1.2037774,1.2902379,0.0
324.13156,0.03220256,-0.14309314,0.89381135,-0.3077097,0.12213813,1.0547969,3.6328206,0.15595731,0.54388666,1.0
353.21603,7.4969697,0.46582174,0.8429276,2.8903084,0.9596712,0.75655395,0.81366783,1.1286751,1.365959,1.0
226.44975,0.5628417,-0.15353845,0.15302202,0.7688369,0.28088027,0.3207024,0.014954473,-0.44735798,0.25653943,0.0
183.30205,-0.17790525,0.5512761,0.015528779,-0.19349833,0.29772487,1.1377939,0.28169858,1.2656468,0.10358569,0.0
145.15123,3.2770815,0.07864069,0.7869617,2.2642214,0.6071998,3.9170759,6.532543,-0.35331166,-0.041296966,1.0
197.34746,1.5903639,0.5989155,1.047892,2.7927053,0.42423037,1.9145684,5.7946196,0.26342627,1.1938555,1.0
406.15524,0.61206895,0.42255402,1.4232501,0.7945665,-0.004753802,0.23590766,0.2725416,1.1230426,-0.2875744,0.0
431.1397,2.2606974,0.042703386,0.2704325,0.099131584,0.41121995,0.9668254,-0.07807334,0.7719876,0.32909575,0.0
249.9499,1.8044513,0.068066016,0.046821468,2.152206,1.0350682,1.9240879,6.7624307,0.19549645,0.13566746,1.0
553.8779,-0.041265327,0.119208455,-0.4100657,2.273587,0.122550845,1.9215963,1.3896728,1.1946367,0.19261682,0.0
228.85464,2.309988,0.5521064,0.6650774,0.83011675,0.5663146,3.1129255,3.1410115,-0.25097105,0.32836545,1.0
336.74847,0.32192248,0.041949,-0.24434605,0.32310545,0.10284884,0.12150916,2.4284244,0.99291193,-0.07517134,0.0
314.22055,5.8235226,-0.053476628,1.1003325,2.066151,0.6712572,2.1293976,2.858104,0.28682166,0.2143536,1.0
264.36752,1.9864043,-0.10872058,0.48735118,-0.053168204,0.29255152,0.97571427,0.979332,0.9845403,0.06234846,0.0
601.07404,0.2829006,0.32723412,-0.538781,0.91120595,0.2575492,1.0764397,2.9597442,1.3950521,-0.2961755,0.0
169.65744,-0.22634394,0.38608402,0.0299617,0.30210298,-0.17630556,-0.115815595,-0.10082811,0.16460478,0.063832335,0.0
225.97842,3.7210202,0.2770134,0.06074803,4.448656,0.38246298,0.89366907,4.220412,0.3804623,1.5389208,1.0
332.29758,0.47825614,-0.076356016,0.32589686,-0.18256347,0.38049656,0.9142698,-0.09701027,-0.0857159,-0.15880038,0.0
239.16992,2.9104393,0.017493024,-0.05914134,-0.1959933,-0.32979634,1.1787957,1.5480691,1.0436984,-0.37308225,0.0
394.55978,-0.5495986,0.1285703,0.13896586,2.0270352,0.11201757,-0.5158362,1.1907234,0.22704867,-0.092927665,0.0
64.49285,2.1307518,0.12049856,0.08624956,0.5638559,-0.12069786,3.8950222,0.043754373,-0.021762855,-0.1432206,0.0
167.6408,5.1123023,0.23547976,1.1895101,1.9155557,-0.08772125,2.94743,1.7487915,0.028596248,-0.03257265,1.0
267.49533,-0.0010034182,0.211826,-0.12554504,0.22102863,0.44204062,1.4336295,-0.40536308,0.15769462,0.12895161,0.0
285.08966,1.8022101,0.44369718,0.903351,3.8020105,0.32361427,1.2321345,3.4243429,1.0916005,0.96169037,1.0
288.97644,1.2607458,0.05327198,1.1192371,1.8365844,0.9288859,1.0112436,3.8315508,-0.0089432215,0.9202281,1.0
306.30737,2.1467862,0.44255778,1.0200585,1.8785341,0.8827057,-0.13383074,2.3374386,1.350277,1.1837764,1.0
387.86612,1.452015,0.45070258,1.0234435,0.7245416,0.45629498,1.0204605,2.0823898,-0.27417827,0.8371192,0.0
382.16037,1.5151699,-0.3550074,1.391066,-0.001033582,0.16308567,-0.25106683,3.2144156,0.2538594,0.7662573,1.0
311.86227,5.52345,0.50234497,-0.20552985,5.029283,0.56904536,2.288097,2.032022,1.2101661,0.018338036,1.0
380.22568,3.427012,-0.09704631,-0.1277993,-0.034220006,0.3105746,0.89977014,3.0278664,-0.16953921,1.960735,0.0
306.72992,3.702153,0.44677827,1.1059184,-0.0074623274,0.41684553,1.9060856,3.6522098,-0.09630676,1.26818,0.0
219.92642,1.8336936,0.019618563,0.25983375,0.43123898,0.11987577,1.0778346,0.09299855,1.1089365,0.052097656,0.0
331.39072,-0.034599733,0.009586357,0.110170364,1.3373082,0.19528,-0.020285776,1.0625228,1.2742738,-0.26854587,0.0
459.73697,1.4106753,-0.08638986,-0.083115235,1.4573267,0.44597378,-0.1970981,1.0781528,0.3593367,-0.026631692,1.0
254.92163,4.0701027,-0.04892948,-0.103688896,-0.44624862,0.22675008,0.06463345,-0.123782784,0.23693313,0.8332502,1.0
177.89659,2.0507712,0.18297079,0.055174105,0.9146757,0.15883853,0.94788504,4.28745,-0.08566804,1.4384401,0.0
229.60437,1.907659,0.28131685,0.120596096,-0.35031053,0.61451423,0.1479439,1.2162652,1.0861502,-0.0048275674,0.0
315.0231,1.2838353,0.18588254,-0.3363071,0.934477,0.29740778,0.029227916,0.75070274,1.1357028,-0.20122103,0.0
182.28969,0.24181925,-0.0053824433,0.05467514,0.94144696,0.0027164973,0.9592072,1.0746417,-0.21988137,1.1530169,0.0
304.96048,2.823762,0.53091127,-0.12959738,3.097634,0.30954328,1.2791016,0.9432448,-0.15520734,1.0048655,0.0
419.0901,0.041517448,0.57551235,-0.44902152,-0.0949321,-0.2702611,1.1308706,0.060339395,1.2960552,-0.02636855,0.0
327.3989,-0.40955967,0.061594803,-0.1319262,-0.12786321,0.4482635,0.3291683,0.2909999,-0.43661508,-0.3347022,0.0
333.97873,3.9708474,0.34072727,0.0369742,0.70688593,0.2680728,0.35188156,-0.049875803,-0.25334087,0.22400512,0.0
223.93364,6.3721485,0.42470232,0.8518001,0.10337013,0.39906034,0.81643665,2.065424,0.5715873,1.21914,1.0
294.47433,3.2586694,0.0040495507,-0.0587767,3.676559,-0.17389503,0.92278314,1.2024252,1.0020194,-0.073928215,0.0
293.74628,7.3871846,0.2733313,-0.16154324,1.7970377,1.1854266,0.97247434,2.787909,-0.21370925,1.0430217,1.0
237.59541,0.74943876,0.34915063,-0.03267236,0.23501776,0.17650819,0.018004756,-0.09093795,0.77988446,-0.2890401,0.0
265.09103,-0.30146682,-0.04536734,0.31004983,1.010224,-0.16928318,1.1489815,0.073852554,1.5118374,-0.0360247,0.0
341.25372,3.8014927,0.59080404,-0.11093406,0.3230782,0.435816,1.3542236,1.2232887,0.68199456,1.0317099,0.0
196.44028,7.713969,0.4686546,0.36547285,1.9052467,0.14101124,3.4797146,0.86675715,0.8679802,0.15019107,0.0
275.26132,-0.4772635,0.2934705,1.0888859,0.10462635,0.29969463,2.2413695,0.09815916,0.065945104,1.0307763,1.0
317.55612,1.8175435,-0.026245525,-0.006507535,1.1274277,0.23397736,-0.23257686,1.2129204,0.38316062,-0.1968053,0.0
147.65953,1.5988302,0.4990216,0.9580844,6.0586963,0.58060133,0.7806044,2.0778997,0.6441666,0.9437583,1.0
222.58482,-1.1120503,0.431609,0.02676553,-0.13715427,0.28467312,0.78413135,-0.038169138,1.2215711,1.1959169,0.0
319.69345,1.1017816,0.41535637,0.42359126,1.0644658,0.15126325,-0.15850975,4.066677,1.0223958,1.3160437,1.0
110.23284,1.3167471,0.47075176,0.07239938,4.766459,0.3532893,1.0163802,1.8521742,0.118006416,0.97942746,1.0
239.32283,1.8752512,0.015275187,1.1899234,-0.16983664,0.59777117,1.3612986,4.266134,0.051263403,0.46291882,0.0
260.02646,3.316176,-0.01484583,0.12667178,2.197197,0.31389806,1.102321,0.049287893,0.42694682,1.0311692,0.0
239.83797,2.2453756,0.09423256,0.020709714,0.82766896,0.6905649,1.8600913,2.9027922,0.072801016,0.95199466,1.0
302.38046,2.3689125,0.4615709,0.05205513,1.2519499,0.41753122,0.37036887,-0.41111663,0.6099021,0.025177212,0.0
310.47836,5.8999176,0.33352232,0.7722337,1.4100132,0.47336146,0.8194964,0.20453663,0.829788,-0.3406821,0.0
312.84586,-0.14216864,-0.037867624,-0.45110297,0.32544225,0.60417724,0.014897972,0.6039477,1.2822909,0.655663,0.0
383.30994,-0.32538024,0.3378093,-0.3992098,2.1401505,-0.018194044,0.84486157,0.6187159,1.2813063,-0.21237019,0.0
103.44164,5.21455,0.47450995,0.22093706,1.3082538,0.27052063,0.0715724,-0.15646072,0.76806486,-0.26942053,0.0
224.57243,5.2494574,0.44662148,0.98510146,4.053345,0.6174422,2.6154826,1.594047,-0.46920863,1.1217791,1.0
241.82755,3.2385068,-0.14451015,-0.15171975,-0.32659212,0.39919537,-0.16126464,1.0403798,1.3773754,-0.15685175,1.0
211.14964,3.2188826,0.4966031,0.5949314,0.065222226,0.48637295,1.0072417,0.1255191,1.0894426,0.24851404,0.0
175.07591,0.0059319115,0.48399144,0.85539174,3.8788378,0.5060321,2.3450303,2.7696521,1.1010534,0.7459334,1.0
343.02734,4.854585,0.6464092,0.068839565,4.8432355,0.75910455,0.82054603,2.3903012,-0.13761753,1.504779,1.0
240.77173,-0.45141968,0.37220547,1.1402662,3.9204643,0.9283651,3.7310119,0.6827985,-0.015584606,1.1126989,1.0
361.2482,1.4062554,-0.086480334,0.81351835,1.1125895,0.15363859,0.7609894,1.9068816,0.13719726,0.5454235,0.0
128.71361,-0.21451545,-0.022888303,0.5267231,1.0554485,0.20427513,-0.07517484,0.23654051,0.94819665,0.81520057,0.0
214.91699,3.0365043,0.40988073,0.98970443,-0.2160715,0.60990655,3.265767,1.4758406,-0.049566254,1.1897391,1.0
255.23393,2.5049617,-0.13414852,0.7713535,3.32448,0.9192549,0.056858104,2.1892018,0.6962411,1.0918034,1.0
388.1434,0.44231117,0.060203355,0.038243275,0.38089004,0.5543309,0.5954362,0.5559622,0.3683522,0.02055837,0.0
398.2689,1.8769208,0.1408532,-0.085617274,2.2176452,-0.35552365,-0.34921536,-0.3602869,0.8951174,0.671406,0.0
384.05515,-0.5553597,-0.05342964,0.3390415,-0.23322938,0.2329757,1.513886,0.03990062,-0.0075203846,0.23780501,0.0
254.97789,1.609762,0.19859016,0.15538657,-0.29536375,0.18414925,0.38622433,1.8356447,-0.23548275,1.0780016,0.0
326.0956,1.4010627,0.28950343,-0.4135266,-0.0059739742,0.1946356,0.13200647,0.14731573,-0.081051715,0.11603141,1.0
245.06902,2.186867,0.47346407,0.86509526,3.164536,0.30826104,1.3380101,2.7481413,1.1556895,-0.122679874,1.0
340.16602,0.06524333,0.0071570165,0.32268807,1.011403,0.23615193,0.00812225,2.2225292,0.9890212,0.8807803,1.0
